name,district,address,type,
11号楼,海曙区,迎凤街25号迎凤社区紫薇巷11号,电梯框架,
博府丽景湾,海曙区,丽园南路与气象路交叉口,电梯框架,
博洋丽景,海曙区,马园路38弄6号,电梯框架,
城市广场(宁波),海曙区,柳庄巷42号,电梯框架,
城市金领,海曙区,平安巷32号（广安路32号）,电梯框架,
东方苑(宁波),海曙区,柳庄巷6号,电梯框架,
东源华府,海曙区,气象路826号,电梯框架,
都市风华,海曙区,尹江路32号,电梯框架,
都市港湾(宁波),海曙区,联丰中路118号,电梯框架,
高塘公寓,海曙区,宁波市海曙区新芝路158弄,电梯框架,
海光大厦,海曙区,宁波海曙区中山西路298号（花池巷102号）,电梯框架,
海曙大厦,海曙区,宁波海曙区中山西路11号,电梯框架,
恒茂商业中心大地影院,海曙区,丽园北路860号,电梯框架,
恒泰大厦（宁波）,海曙区,宁波市海曙区车轿街69号,电梯框架,
红帮大厦,海曙区,中山东路137号,电梯框架,
华联时代电影院,海曙区,海曙区东渡路55号,电梯框架,
华联写字楼,海曙区,东渡路55号,电梯框架,
欢乐精品园,海曙区,蓝天北巷4号,电梯框架,
基威大厦,海曙区,老实巷70号,电梯框架,
嘉和商务楼,海曙区,新典路108号,电梯框架,
江厦银座(宁波),海曙区,江厦街19号,电梯框架,
金都国际,海曙区,环城西路南段345号,电梯框架,
锦沧文华,海曙区,宁波市海曙区白杨街195弄（万安路41号）,电梯框架,
晶崴大厦,海曙区,环城西路南段顺德路98弄9号,电梯框架,
凯悦商务大楼,海曙区,蓝天路9号,电梯框架,
丽都名邸,海曙区,海曙马园路369号（柳丁街251弄）,电梯框架,
丽园尚都,海曙区,环城西路南段158弄39号,电梯框架,
南都花城百合园,海曙区,宁波市海曙区云霞路165弄（苍松路557号）,电梯框架,
南都花城桂花园,海曙区,宁波市海曙恒春街146弄21号,电梯框架,
南都花城紫园,海曙区,宁波市海曙区云霞路236弄,电梯框架,
宁波银河大厦,海曙区,长春路35号,电梯框架,
青林湾6期,海曙区,新星路8号,电梯框架,
青林湾7期,海曙区,新星路8号,电梯框架,
人丰小区,海曙区,海曙区买鱼路155弄（体育场路19号）,电梯框架,
荣安世家,海曙区,尹江路185弄,电梯框架,
三市大厦,海曙区,三市路3号,电梯框架,
尚南小筑,海曙区,顺德路189弄2号,电梯框架,
胜丰东苑,海曙区,胜丰路125号,电梯框架,
时代广场（宁波）,海曙区,冷静街8号,电梯框架,
时代广场裙楼,海曙区,冷静街10号,电梯框架,
时代新居,海曙区,环城西路南681号,电梯框架,
世纪虹,海曙区,海曙迎春街89弄,电梯框架,
世纪伟业,海曙区,念九巷1号,电梯框架,
舒沁苑,海曙区,丽园北路517号旁（与澄波街交叉口）,电梯框架,
水茂华园,海曙区,新典路528弄10号,电梯框架,
天封大厦,海曙区,狮子街66号,电梯框架,
天庐苑,海曙区,蓝天路395弄,电梯框架,
天宁大厦,海曙区,中山西路138号（府桥街99号）,电梯框架,
天一家园,海曙区,中山西路988弄（澄波街275号）,电梯框架,
天之海大厦,海曙区,大梁街48号,电梯框架,
新海蓝钻,海曙区,新典路558号,电梯框架,
新星龙湾,海曙区,新星路533号,电梯框架,
星河湾(宁波),海曙区,鄞奉路469弄12号,电梯框架,
月湖大楼,海曙区,宁波海曙区镇明路108号,电梯框架,
泽民阳光,海曙区,环城西路北段138弄132号、136号,电梯框架,
中百大厦（宁波）,海曙区,中山东路220号,电梯框架,
中农信大厦,海曙区,中山东路181号,电梯框架,
中山家园,海曙区,念九巷2号,电梯框架,
中山雅园,海曙区,胜丰路28弄,电梯框架,
中西大厦(宁波),海曙区,孝闻街29弄1号,电梯框架,
竹福园二期,海曙区,海曙海曙区念九巷,电梯框架,
宝翠茗苑,江北区,宝庆路216号,电梯框架,
宝丰茗苑,江北区,宝庆路165号,电梯框架,
宝丽茗苑,江北区,宝庆路275号,电梯框架,
北城春色,江北区,宁沁路160号,电梯框架,
滨湖晴园,江北区,清河路202号,电梯框架,
东鹰花园,江北区,大庆北路678弄,电梯框架,
东鹰花园二期,江北区,大庆北路678弄,电梯框架,
繁景公寓,江北区,育才路288号（繁景花园）,电梯框架,
繁景红楼,江北区,育才路288号（范江岸路259号北门）,电梯框架,
国泰花园,江北区,范江岸路21弄22,电梯框架,
和塘雅苑,江北区,宁波市江北区洪塘宁沁路502弄28号,电梯框架,
汇嘉新园,江北区,宁波市江北区宁沁路161号,电梯框架,
锦江花园（宁波）,江北区,双东路278号,电梯框架,
康桥风尚,江北区,环城北路西段667号,电梯框架,
立方寓,江北区,洪塘长阳路与广元路外交界处,电梯框架,
玛瑙大厦,江北区,扬善路36号,电梯框架,
宁波江北科技创业中心,江北区,北海路68号,电梯框架,
天沁家园,江北区,李家西路102号,电梯框架,
外滩大厦,江北区,人民路132号,电梯框架,
谢嘉丽苑,江北区,榭嘉路327弄,电梯框架,
欣欣家园（宁波）,江北区,江北区宁沁路234号,电梯框架,
雅戈尔长岛花园,江北区,丽江东路399号,电梯框架,
颐和名苑,江北区,洪塘中路188号,电梯框架,
逸嘉新园（北区）,江北区,宁沁路377 号,电梯框架,
逸嘉新园（南区）,江北区,宁沁路499号,电梯框架,
银亿海德花苑,江北区,洪发西路56号,电梯框架,
银亿钰鼎园,江北区,康庄南路139号,电梯框架,
宝泰花苑,江东区,中兴路698弄,电梯框架,
彩虹大厦(宁波),江东区,宁波市彩虹南路16号,电梯框架,
沧海名苑,江东区,沧海路1296号,电梯框架,
城市QQ,江东区,民安路715弄（沧海路618号旁）,电梯框架,
东城百汇(宁波),江东区,舟孟巷21弄,电梯框架,
东方瑞市A区,江东区,江东福明路975号（园丁街162弄）,电梯框架,
东方商务中心,江东区,兴宁路456号,电梯框架,
东润铭座,江东区,宁穿路535号,电梯框架,
东外滩(裙楼),江东区,江东北路308号,电梯框架,
东外滩公寓,江东区,宁波江东区百隆巷6号,电梯框架,
翡翠湾,江东区,河清北路与杨帆路交叉口,电梯框架,
凤凰水岸,江东区,高新区丹桂路239号,电梯框架,
海警公寓,江东区,福明路265弄（福明家园）,电梯框架,
海运港大厦,江东区,百丈东路1130号（百宁街交叉口）,电梯框架,
好阳光商务公寓(宁波）,江东区,江东百丈东路968号,电梯框架,
和美诚,江东区,杨木\路666号,电梯框架,
和美诚大厦,江东区,杨木\路666号,电梯框架,
和泰雅苑,江东区,江东陆家江南路与世纪大道交界处,电梯框架,
华城国际（宁波）,江东区,东部新城清水桥路599号,电梯框架,
华城花园,江东区,东部新城清水桥路599号,电梯框架,
华光城,江东区,百丈东路1151号华光城（福明路803号）,电梯框架,
华商大厦（宁波）,江东区,星海南路100号（秀东尚座对面）,电梯框架,
皇冠大厦,江东区,高新区江南路1108号,电梯框架,
皇冠花园公寓（绿城・皇冠公馆）,江东区,高新区翔云路30号,电梯框架,
嘉恒广场住宅楼,江东区,中山东路1888号,电梯框架,
嘉汇国贸,江东区,彩虹南路11号,电梯框架,
江东新世纪,江东区,南演武街175弄,电梯框架,
江南春晓,江东区,百丈东路1365号（中山东路1360号）,电梯框架,
江南景苑（宁波）,江东区,宁波市新舟路55弄,电梯框架,
江南一品别墅,江东区,高新区杨木路395号,电梯框架,
交通BOBO城2期,江东区,江东区江滨大道288号,电梯框架,
金地东御,江东区,高新区扬帆路2111号,电梯框架,
金都大厦,江东区,百丈东路711弄,电梯框架,
金汇大厦(宁波),江东区,兴宁路42弄1号,电梯框架,
锦苑小区,江东区,惊驾路431号(锦苑社区),电梯框架,
景家园,江东区,徐戎路259弄,电梯框架,
九五国际大厦,江东区,江南路598号-590号,电梯框架,
九五花园,江东区,高新区杨木\路328弄19号,电梯框架,
科技大厦(宁波),江东区,江南路599号,电梯框架,
科贸中心商务楼,江东区,科技园广贤路50号,电梯框架,
联通家园,江东区,江东区桑田路673号（北柳街149弄）,电梯框架,
凌云产业园,江东区,宁波市江东区凌云路1177号,电梯框架,
凌云公寓（宁波）,江东区,晶辉路35号（聚贤路与凌云路交叉口）,电梯框架,
名悦公馆,江东区,东部新城清水桥路599号,电梯框架,
明湖花苑,江东区,通途路与盛梅路交叉口,电梯框架,
明园小区,江东区,朝晖路181弄,电梯框架,
宁波名江新都,江东区,百丈东路黄栀花巷61号,电梯框架,
宁波微软技术中心,江东区,聚贤路555号,电梯框架,
三方大厦,江东区,汇海路50号,电梯框架,
商都大厦,江东区,芙蓉路38弄22,电梯框架,
世纪东方COB写字楼,江东区,中山东路1083（世纪东方广场6号）,电梯框架,
世纪龙腾,江东区,中兴路269号,电梯框架,
世纪曙光,江东区,江东区惊驾路15弄,电梯框架,
天水华都,江东区,江东四眼\街86弄,电梯框架,
万景梅庭,江东区,扬帆路2118号,电梯框架,
万特商务中心（宁波）,江东区,杨木\路487号,电梯框架,
新城国际（宁波）,江东区,清水桥路535号,电梯框架,
新河明珠,江东区,四眼锲街60弄,电梯框架,
新京大厦,江东区,宁波市中山东路629号,电梯框架,
新时代小区,江东区,江东宁穿路338号,电梯框架,
新天地小区,江东区,沧海路803号（新天地西区）,电梯框架,
星河晨光,江东区,宁波江东沧海路2069弄（B区2068弄）,电梯框架,
幸福苑,江东区,樟树街26弄,电梯框架,
秀东尚座,江东区,星海南路55号（高新区通途路与院士路交叉口）,电梯框架,
怡景花园（宁波）,江东区,甬港北路92弄,电梯框架,
殷家花园,江东区,永达路1566号,电梯框架,
银珠明园,江东区,明珠路318号,电梯框架,
甬港现代铭楼（宁波）,江东区,菁华路188号,电梯框架,
涨浦景苑,江东区,甬江大道2188号,电梯框架,
中山银座,江东区,舟孟北路131弄13号,电梯框架,
中特大厦,江东区,彩虹南路132号（四眼契街6号）,电梯框架,
舟宿云庭,江东区,金家一路501号,电梯框架,
奥丽赛大厦（宁波）,鄞州区,鄞州区钱湖北路958号,电梯框架,
百合公寓（宁波）,鄞州区,嵩江中路501号,电梯框架,
碧云天,鄞州区,宁南北路1052号,电梯框架,
泊悦公寓,鄞州区,锦寓路655弄20号,电梯框架,
沧海实业大厦,鄞州区,宁横路1738号旁（宁横路1688号）,电梯框架,
朝阳荟,鄞州区,鄞州区下应南路17号,电梯框架,
城南商务楼,鄞州区,宁波鄞州区惠风西路115号城南商务大厦,电梯框架,
创新128公寓（128国际公寓）,鄞州区,宁波鄞州区金谷南路57号,电梯框架,
春江花城,鄞州区,四明东路677弄,电梯框架,
富豪大厦,鄞州区,永达路32号,电梯框架,
高锦花苑二期,鄞州区,鄞州高桥新丰路,电梯框架,
高锦花苑一期,鄞州区,鄞州高桥新丰路,电梯框架,
格兰春晨二期加州里,鄞州区,科创北路690号旁边,电梯框架,
格兰春天3期（铂园）,鄞州区,惠江东路36号,电梯框架,
广泽嘉园,鄞州区,柳鸣路80号,电梯框架,
华茂东大道壹号别墅,鄞州区,爱民北路88号,电梯框架,
华茂东大道壹号高层,鄞州区,爱民北路88号,电梯框架,
华泰剑桥二期（莱茵河畔）,鄞州区,鄞州四明中路399弄（贸城中路398号）,电梯框架,
华泰剑桥三期(院士花园),鄞州区,鄞州泰寓路68弄,电梯框架,
华泰剑桥一期(康桥流水),鄞州区,四明中路49弄与钱湖北路交汇处（华泰剑桥-康河流水）,电梯框架,
汇亚国际,鄞州区,天童北路1107号,电梯框架,
江南绿洲,鄞州区,万成路49号,电梯框架,
江南人家,鄞州区,雅源北路206弄,电梯框架,
金地国际花园（宁波）,鄞州区,惠风西路128号,电梯框架,
金海嘉园,鄞州区,堇山西路28号,电梯框架,
金色城市,鄞州区,布政西路318号,电梯框架,
金色水岸二期,鄞州区,百梁南路29号,电梯框架,
金色水岸三期,鄞州区,百梁南路28号,电梯框架,
金色水岸一期,鄞州区,百梁南路28号,电梯框架,
金庭茗苑,鄞州区,宁南北路228号北（宁南北路282号南）,电梯框架,
金湾华庭,鄞州区,泰寓路55号,电梯框架,
九曲小区一期,鄞州区,鄞州首南街道（鄞州大道、鄞州高级中学对面）,电梯框架,
利时金融大厦,鄞州区,惠风东路63号,电梯框架,
梁祝小区,鄞州区,通途西路2000弄17号,电梯框架,
洛兹广场品阁,鄞州区,雅戈尔大道165号,电梯框架,
南裕新村二期,鄞州区,泰康中路215号,电梯框架,
南苑国际,鄞州区,宁波市鄞州区天源巷127号,电梯框架,
宁波万科金域国际,鄞州区,诚信路和紫城路交叉口（金品嘉园）,电梯框架,
宁兴城市花园,鄞州区,嵩江中路501号,电梯框架,
钱丰大厦,鄞州区,宁波市鄞州区中河街道长寿南路528号,电梯框架,
如意金水湾,鄞州区,环城南路西段314号,电梯框架,
盛世新都,鄞州区,宁南南路866弄,电梯框架,
水木清华二期,鄞州区,聚才路967,电梯框架,
孙马小区,鄞州区,四明东路666号,电梯框架,
万达公寓（宁波）,鄞州区,贸城中路890号,电梯框架,
万金人家,鄞州区,鄞县大道和莫枝北路交叉口,电梯框架,
文澜水岸,鄞州区,下应街道天工路与纬三路交叉口，廊桥东,电梯框架,
西城印象,鄞州区,长乐路208号,电梯框架,
西堤阳光,鄞州区,学院路与望童路交叉,电梯框架,
仙枰苑,鄞州区,东钱湖镇环湖北路426号（钱湖医院）后门,电梯框架,
新城名苑,鄞州区,天高巷222号,电梯框架,
阳光嘉园（宁波）,鄞州区,徐家漕路419弄,电梯框架,
怡乐家园,鄞州区,长乐路238号,电梯框架,
银河湾小区,鄞州区,宁波市鄞州区泰安西路223号,电梯框架,
银亿上上城,鄞州区,诚信路1181号,电梯框架,
鄞州创新大厦,鄞州区,鄞州金谷北路228号,电梯框架,
鄞州创业大厦,鄞州区,金谷北路228号,电梯框架,
雍城世家二期,鄞州区,鄞州高教园区钱湖南路1158号,电梯框架,
永佳苑,鄞州区,锦寓路58号,电梯框架,
远恒大厦,鄞州区,启运路藕池村委会旁,电梯框架,
中河名庭,鄞州区,嵩江东路与春辉路201号,电梯框架,
中物科技园专家公寓,鄞州区,鄞州金谷北路228号,电梯框架,
保利城一期（宁波）,镇海区,永平西路28号,电梯框架,
保亿风景九园,镇海区,镇海经济开发区镇宁东路988号,电梯框架,
碧水莲晴,镇海区,宁波骆驼三五北路69号,电梯框架,
东辰大厦（宁波）,镇海区,锦业街1号,电梯框架,
华晨雅苑,镇海区,宁波市镇海区骆驼街道镇海大道中段5号,电梯框架,
金色广场公寓,镇海区,镇海庄市大道和陈倪路交叉口西南角,电梯框架,
金邑华庭,镇海区,镇海区骆驼街道金悦路67路,电梯框架,
锦绣曙光,镇海区,镇海庄市大道1744号,电梯框架,
柳岸晨韵,镇海区,庄市镇庄市大道北段与陈倪路交叉口,电梯框架,
绿城桂花园,镇海区,杭甬南路199号,电梯框架,
明海公寓,镇海区,镇海庄市明海大道与西陆路交汇处,电梯框架,
清泉花园,镇海区,庄市镇镇海车站路358号,电梯框架,
书香丽景,镇海区,庄市街道逸夫路1666号,电梯框架,
天鸿大厦（宁波）,镇海区,顺业街1号,电梯框架,
同心苑（宁波）,镇海区,庄市大道8号,电梯框架,
万科城（宁波）,镇海区,同心路150号,电梯框架,
万科城二期（宁波）,镇海区,同心路150号,电梯框架,
万科城三期(宁波),镇海区,同心路150号,电梯框架,
小骆花园,镇海区,镇海区骆驼街道长骆路268号,电梯框架,
信用社大厦,镇海区,镇海大厦与锦业路交叉口,电梯框架,
银亿海尚广场,镇海区,浙江省宁波市镇海区三五路396号,电梯框架,
镇海城投大厦,镇海区,民和路789号,电梯框架,
镇海大厦（宁波）,镇海区,金华路51号,电梯框架,
镇海建设大厦,镇海区,盛业街8号,电梯框架,
华润万家江东店,江东区,宁波桑田路泰富广场,卖场LCD,卖场LCD
华润万家镇海店,镇海区,宁波市镇海区镇宁东路1号,卖场LCD,卖场LCD
家乐福北仑店,北仑区,北仑区黄山路857号君临广场(近长江路),卖场LCD,卖场LCD
乐购集士港店,鄞州区,宁波鄞州区集士港奥特莱斯广场,卖场LCD,卖场LCD
乐购宁波鄞县大道店,鄞州区,宁波市鄞县大道,卖场LCD,卖场LCD
乐购明海店,镇海区,宁波市镇海区庄市明海南路1009号,卖场LCD,卖场LCD
乐购兴宁中店（宁海）,宁海,宁海县中山中路7号,卖场LCD,卖场LCD
乐购天一广场店,海曙区,宁波市海曙区天一广场,卖场LCD,卖场LCD
乐购石\店,鄞州区,鄞州区雅戈尔大道145号,卖场LCD,卖场LCD
联华华商中兴路店,江东区,江东区中兴路138号,卖场LCD,卖场LCD
宁波三江曙光店,江东区,江东区曙光路92号,卖场LCD,卖场LCD
宁波三江明楼店,江东区,宁波朝晖路273号(江东区),卖场LCD,卖场LCD
宁波三江谢家店,江北区,宁波市江北经济适用房2号地块内超市部分（榭嘉路327弄8号）,卖场LCD,卖场LCD
宁波三江金家槽店,鄞州区,鄞州区长丰金家漕农贸市场二楼,卖场LCD,卖场LCD
宁波三江银座店,江东区,宁波中山东路589号一、二层,卖场LCD,卖场LCD
宁波三江南苑商场店,海曙区,宁波南苑街205号和粮丰街80-82号（南苑菜场附近）,卖场LCD,卖场LCD
宁波三江堇西店,鄞州区,鄞州区堇西中路1528号,卖场LCD,卖场LCD
宁波三江横街商场,鄞州区,宁波市鄞州区横街镇东村鄞县大道西段南面,卖场LCD,卖场LCD
宁波三江东柳店,江东区,宁波市桑田路780号,卖场LCD,卖场LCD
宁波三江翠柏店,海曙区,宁波市体育场路47号,卖场LCD,卖场LCD
宁波三江联心店,鄞州区,宁波市堇山中路156号联心菜市场,卖场LCD,卖场LCD
宁波三江庄桥店,江北区,江北区庄桥街道宁慈东路666号,卖场LCD,卖场LCD
宁波三江四明中路店,鄞州区,宁波市鄞州区四明中路格林生活广场1楼,卖场LCD,卖场LCD
宁波三江实验店,海曙区,宁波市呼童街55号,卖场LCD,卖场LCD
宁波三江太古店,江东区,宁波市江东区北流街28号,卖场LCD,卖场LCD
宁波三江姜山商场,鄞州区,宁波市鄞州姜山镇人民路117号,卖场LCD,卖场LCD
宁波三江黄鹂店,江东区,宁波市江东区兴宁路116号,卖场LCD,卖场LCD
宁波三江横溪商场,鄞州区,鄞州区横溪镇禄广桥宁波黄泰实业有限公司部分一层房屋,卖场LCD,卖场LCD
宁波三江清河路店,江东区,清河路和规划路交叉口,卖场LCD,卖场LCD
宁波三江五环店,江东区,江东区 杨木\路271号,卖场LCD,卖场LCD
宁波三江开明店,海曙区,宁波市华楼街75-103号,卖场LCD,卖场LCD
宁波三江东裕店,鄞州区,宁波市鄞州区贸城路东裕新村,卖场LCD,卖场LCD
宁波三江来福士店,江北区,江北区大闸南路99号，来福士广场地下一层,卖场LCD,卖场LCD
宁波三江童王店,鄞州区,宁波市鄞州区下应童王消费品市场内,卖场LCD,卖场LCD
宁波三江大\商场,北仑区,北仑区大\街道新华园三期21－23幢一层,卖场LCD,卖场LCD
宁波三江姚江商场店,江北区,宁波市洪塘中路与长阳路交叉口姚江新都,卖场LCD,卖场LCD
宁波三江东海店,江东区,江东区桑田路259号,卖场LCD,卖场LCD
宁波三江鄞南店,鄞州区,姜山镇环镇北路5号,卖场LCD,卖场LCD
宁波三江孔浦商场店,江北区,宁波市大庆北路39号,卖场LCD,卖场LCD
宁波三江蛟川商场,镇海区,镇海蛟川街道金丰路3#地块，华荣风景九园二期,卖场LCD,卖场LCD
宁波三江集士港商场,鄞州区,宁波市鄞州区集士港镇祝家桥村(集士东路209路),卖场LCD,卖场LCD
宁波三江庄市商场店,镇海区,镇海区庄市街道兆龙路852-860号,卖场LCD,卖场LCD
宁波三江嵩山商场,北仑区,宁波北仑区嵩山路887号、889号、891号、893号及高凤路,卖场LCD,卖场LCD
宁波三江学院店,鄞州区,宁波市鄞州区钱湖南路666号,卖场LCD,卖场LCD
宁波三江锦诚商场店,江东区,宁波科技园区丁香路145-161号,卖场LCD,卖场LCD
宁波三江建业店,江北区,宁波市江北区建业路212号,卖场LCD,卖场LCD
宁波三江天水商场店,江北区,宁波江北康庄南路43号,卖场LCD,卖场LCD
宁波三江福明商场店,江东区,宁波市江东区民安路715弄210号(福明家园二期),卖场LCD,卖场LCD
宁波三江民安商场店,鄞州区,宁波市民安东路1397号（东部新城村民安置小区农贸市场）,卖场LCD,卖场LCD
宁波三江丽园店,海曙区,海曙区丽园南路25-31号,卖场LCD,卖场LCD
宁波三江宋诏店,海曙区,鄞州区凤凰新村83幢1-2层,卖场LCD,卖场LCD
宁波三江南都店,海曙区,宁波恒寿街208-224号(环城西路南端569-591号）,卖场LCD,卖场LCD
宁波三江藕池店,海曙区,鄞州区古林镇藕池村（原三友机电厂房）,卖场LCD,卖场LCD
宁波三江徐家漕商场店,海曙区,宁波市海曙区徐家漕路91号,卖场LCD,卖场LCD
宁波三江联丰店,鄞州区,宁波市鄞州区高桥镇藕缆村联丰中路399号,卖场LCD,卖场LCD
宁波三江西堤商场店,鄞州区,宁波市鄞州区高桥镇望童路928弄西堤阳光小区,卖场LCD,卖场LCD
宁波三江礼嘉桥店,鄞州区,宁波市海曙区启运路524号-642号,卖场LCD,卖场LCD
宁波三江雅渡店,鄞州区,宁波市鄞州区石\街道雅渡新村小区内,卖场LCD,卖场LCD
宁波三江石\店,鄞州区,宁波市鄞州区轻纺城东方苑小区旁,卖场LCD,卖场LCD
宁波三江镇明店,海曙区,宁波市海曙区仓基街76号,卖场LCD,卖场LCD
宁波三江胜丰店,海曙区,宁波市海曙区环城西路北段197号,卖场LCD,卖场LCD
沃尔玛联丰店,海曙区,宁波市海曙区环城西路南段262号,卖场LCD,卖场LCD
沃尔玛华侨店,江东区,宁波市江东区中兴路6710679号,卖场LCD,卖场LCD
沃尔玛四明中路店,鄞州区,鄞州区四明中路999号沃尔玛购物广场,卖场LCD,卖场LCD
世贸中心大厦,海曙区,东渡路29号,,商务楼
汉通大厦,江东区,朝晖路17号,,商务楼
万特商务中心,江东区,宁波市江东区杨木\路487号,,商务楼
世贸中心大厦,海曙区,东渡路29号,,商务楼
宁波名汇国际,鄞州区,锦寓路666,,商务楼
杉杉大厦,鄞州区,日丽中路777号,,商务楼
汉通大厦,江东区,朝晖路17号,,商务楼
杉杉大厦,鄞州区,日丽中路777号,,商务楼
杉杉大厦,鄞州区,日丽中路777号,,商务楼
平安大厦(宁波),海曙区,开明街396号,,商务楼
世贸中心大厦,海曙区,东渡路29号,,商务楼
平安大厦(宁波),海曙区,开明街396号,,商务楼
世贸中心大厦,海曙区,东渡路29号,,商务楼
世贸中心大厦,海曙区,东渡路29号,,商务楼
万特商务中心,江东区,宁波市江东区杨木\路487号,,商务楼
杉杉大厦,鄞州区,日丽中路777号,,商务楼
长春大厦,海曙区,灵桥路159号,,商务楼
汉通大厦,江东区,朝晖路17号,,商务楼
世贸中心大厦,海曙区,东渡路29号,,商务楼
万特商务中心,江东区,宁波市江东区杨木\路487号,,商务楼
万特商务中心,江东区,宁波市江东区杨木\路487号,,商务楼
杉杉大厦,鄞州区,日丽中路777号,,商务楼
平安大厦(宁波),海曙区,开明街396号,,商务楼
世纪金贸（宁波）,江东区,百丈路158,,商务楼
杉杉大厦,鄞州区,日丽中路777号,,商务楼
平安大厦(宁波),海曙区,开明街396号,,商务楼
世纪金贸（宁波）,江东区,百丈路158,,商务楼
长春大厦,海曙区,灵桥路159号,,商务楼
茗雅大厦（茗雅苑）,江北区,白沙路1号,,商务楼
华商经贸大厦,江东区,桑田路815号,,商务楼
汉通大厦,江东区,朝晖路17号,,商务楼
九五国际B幢,江东区,江南路586号,,商务楼
创业天下(宁波),江东区,东郊路8弄10号,,商务楼
宁波颐高创业大厦,江东区,宁波市江东区朝晖路188号,,商务楼
和丰创意广场和庭楼,江东区,江东北路317号,,商务楼
甬港现代铭楼（宁波）B座,江东区,菁华路188号,,商务楼
奥丽赛大厦,鄞州区,钱湖北路958号,,商务楼
汇亚国际,鄞州区,天童北路1107号,,商务楼
金隆国际(中信银行大厦),海曙区,镇明路36号,,商务楼
城南商务大厦,鄞州区,鄞州区惠风西路115号,,商务楼
嘉汇国贸(宁波)B座,江东区,百丈东路28弄1号、2号,,商务楼
兴业大厦(宁波),江东区,百丈东路901号,,商务楼
高新区华商大厦,江东区,江东区星海南路100号,,商务楼
和丰创意广场创庭楼,江东区,江东北路317号,,商务楼
和丰创意广场创庭楼,江东区,江东北路317号,,商务楼
和丰创意广场谷庭楼,江东区,江东北路317号,,商务楼
东方商务中心1幢,江东区,兴宁路456号,,商务楼
鄞州商务中心(鄞州商务大厦),鄞州区,惠风东路257号,,商务楼
世纪广场(宁波)A楼,海曙区,华楼街14号,,商务楼
中保大厦宁波,海曙区,大来街50号,,商务楼
都市仁和12号,海曙区,君子街88弄12号,,商务楼
中百大厦宁波,海曙区,海曙区中山东路220号,,商务楼
交通BOBO国际,海曙区,宁波市海曙区永丰西路229号,,商务楼
宁波江北科技创业中心,江北区,北海路68号,,商务楼
彩虹新钻B号楼,江东区,四眼\街15弄3号,,商务楼
博纳大厦(宁波),鄞州区,鄞州区泰康中路456号,,商务楼
鸿安大厦,鄞州区,宁波南部商务区蝶缘路258号,,商务楼
和丰创意广场丰庭楼,江东区,江东北路317号,,商务楼
和丰创意广场丰庭楼,江东区,江东北路317号,,商务楼
富豪大厦(宁波),鄞州区,永达路32号,,商务楼
长江国际中心A幢,北仑区,明州路731号,,商务楼
平安大厦(宁波),海曙区,开明街396号,,商务楼
中山大厦,海曙区,中山东路93号,,商务楼
晶巍万隆国际宇达名城商务楼(晶崴大厦),海曙区,顺德路136弄58号,,商务楼
天元大厦,海曙区,解放南路9号,,商务楼
建设物业11楼,海曙区,迎凤街25号,,商务楼
长春大厦,海曙区,灵桥路159号,,商务楼
金都国际,海曙区,环城西路南段345,,商务楼
天水广场,江北区,江北区丽江东路与康庄南路交叉口,,商务楼
中山银座A座,江东区,中山东路131弄579号,,商务楼
万兴大楼,江东区,箕漕街38弄32号,,商务楼
宁波彩江大厦,江东区,彩虹南路223号,,商务楼
科技广场(宁波)5幢,江东区,广贤街1071号,,商务楼
宁兴天润商座C座,江东区,中兴路775号C座,,商务楼
明州商务大厦,江东区,宁波市江东区江南路289号,,商务楼
三方大厦,江东区,宁波市高新区汇海路50号,,商务楼
堇山大厦,鄞州区,鄞州区中河街道长寿南路555号,,商务楼
宁波创业大厦,鄞州区,鄞州区金谷北路228号,,商务楼
奥丽赛豪如大厦（宁波）,鄞州区,宁波市鄞州区泰康中路468号,,商务楼
永煌大厦,海曙区,中山西路197（青石巷5号）,,商务楼
月湖大楼,海曙区,镇明路108号,,商务楼
宁波建筑大厦,海曙区,解放南路202号,,商务楼
松厦经贸,海曙区,苍松路43号,,商务楼
培罗成大厦,海曙区,和义路45号,,商务楼
新天地商务楼(宁波)12号楼,江东区,世纪大道北段689号,,商务楼
东城百汇,江东区,百丈东路88号、96号,,商务楼
明晨大厦,江东区,中兴路138号,,商务楼
科贸中心商务楼50号,江东区,高新区广贤街50号,,商务楼
甬空大厦,江东区,江东区百丈东路47号,,商务楼
世纪广场(宁波)C楼,海曙区,华楼街8号,,商务楼
世纪金贸（宁波）,江东区,百丈路158,,商务楼
高新区科技广场2幢,江东区,江南路1528号,,商务楼
科贸中心商务楼50号,江东区,高新区广贤街50号,,商务楼
宁兴天润商座A座,江东区,中兴路739号A座,,商务楼
宁波名汇国际,鄞州区,锦寓路666,,商务楼
鄞州创新大厦,鄞州区,鄞州区金谷北路228号,,商务楼
宁波商会大厦,鄞州区,天童南路与泰康中路交汇处,,商务楼
红邦大厦,海曙区,中山东路137号,,商务楼
月湖银座(宁波),海曙区,南站东路16,,商务楼
宁波协作大厦,海曙区,柳汀街369号,,商务楼
晶巍万隆国际宇达名城商务楼,海曙区,顺德路98弄9号、15号,,商务楼
丽园尚都B座,海曙区,环城西路南段158弄39号,,商务楼
都市仁和,海曙区,\闸街58号,,商务楼
健宸大厦,鄞州区,泰荟路99号-1,,商务楼
长江国际中心B幢,北仑区,明州路731号,,商务楼
文华大厦(宁波),海曙区,镇明路488号,,商务楼
苍水大厦,海曙区,苍水街79号,,商务楼
中保大厦宁波,海曙区,大来街50号,,商务楼
海光大厦宁波,海曙区,中山西路298号（花池巷102号）,,商务楼
天一豪景宁波,海曙区,华楼街19号、21号、31号,,商务楼
外滩大厦,江北区,人民路132号,,商务楼
彩虹新钻A号楼,江东区,四眼\街15弄2号,,商务楼
创新大厦(宁波),江东区,江南路673号,,商务楼
中山银座B座,江东区,中山东路131弄579号,,商务楼
会展中心(宁波),江东区,百丈路168号,,商务楼
金汇大厦(宁波),江东区,兴宁路44弄-1号,,商务楼
新天地商务楼(宁波),江东区,民安路1018,,商务楼
世纪龙腾南楼,江东区,中兴路269南楼,,商务楼
新京大厦(宁波),江东区,中山东路629号,,商务楼
银晨国际,江东区,惊驾路688号,,商务楼
高新区科技广场1幢,江东区,江南路1498号,,商务楼
九五国际B幢,江东区,江南路586号,,商务楼
博浪大厦,江东区,江东区清河北路1136路,,商务楼
甬港现代铭楼（宁波）A座,江东区,菁华路188号,,商务楼
鄞州国税局,鄞州区,鄞州区新城区民惠西路18号,,商务楼
东航大厦,江东区,中山东路796号,,商务楼
麒麟大厦南楼,鄞州区,天童北路1539号,,商务楼
海曙大厦,海曙区,中山西路11号,,商务楼
世纪伟业A座,海曙区,念九巷12号,,商务楼
香溢国际18号门,海曙区,丽园南路1170号,,商务楼
中山银座C座,江东区,中山东路131弄579号,,商务楼
世纪龙腾西楼,江东区,中兴路269西楼,,商务楼
晶都赢家,江东区,福明路849号,,商务楼
新金穗大楼A楼,海曙区,解放北路128,,商务楼
华联写字楼,海曙区,东渡路55号,,商务楼
江厦银座(宁波),海曙区,江厦街19号,,商务楼
凯悦商务大厦,海曙区,蓝天路9号,,商务楼
科创大厦,海曙区,海曙区布政巷16号,,商务楼
东城国际,江东区,姚隘路794号,,商务楼
科贸中心商务楼86号,江东区,高新区广贤街86号,,商务楼
和丰创意广场意庭楼,江东区,江东北路317号,,商务楼
利时金融大厦B座,鄞州区,鄞州学士路与惠风路交汇处（鄞州区科技局北侧）,,商务楼
宁波中宁大厦,海曙区,灵桥路255,,商务楼
香溢国际17号门,海曙区,丽园南路1170号,,商务楼
凯悦商务大厦,海曙区,蓝天路9号,,商务楼
彩虹大厦,江东区,彩虹南路16号,,商务楼
新天地商务楼(宁波)11号楼,江东区,世纪大道北段689号,,商务楼
世纪金贸（宁波）,江东区,百丈路158,,商务楼
东城国际,江东区,姚隘路794号,,商务楼
银晨国际,江东区,惊驾路688号,,商务楼
高新区科技广场2幢,江东区,江南路1528号,,商务楼
科技大厦(宁波),江东区,江南路599号,,商务楼
东方商务中心3幢,江东区,兴宁路456号,,商务楼
麒麟大厦北楼,鄞州区,天童北路1501号,,商务楼
堇山大厦,鄞州区,鄞州区中河街道长寿南路555号,,商务楼
宁波颐高创业大厦,江东区,宁波市江东区朝晖路188号,,商务楼
华宏第五大道,江东区,江东区中兴路719号,,商务楼
东方商务中心2幢,江东区,兴宁路456号,,商务楼
东方商务中心5幢,江东区,兴宁路456号,,商务楼
鼓楼大厦,海曙区,中山西路75号,,商务楼
鼓楼大厦,海曙区,中山西路75号,,商务楼
世纪广场(宁波)B楼,海曙区,大梁街118号,,商务楼
天一豪景宁波,海曙区,华楼街19号、21号、31号,,商务楼
中央商座（竺家巷）,海曙区,竺家巷95号,,商务楼
世纪伟业B座,海曙区,念九巷12号,,商务楼
月湖银座(宁波),海曙区,南站东路16,,商务楼
恒泰大厦(宁波),海曙区,车轿街69号,,商务楼
恒隆中心(宁波),海曙区,中山西路2号,,商务楼
大时代A楼,江北区,人民路105号,,商务楼
上东国际,江东区,沧海路1926号,,商务楼
东方新时代,江东区,百丈东路1130号,,商务楼
新天地商务楼(宁波)10号楼,江东区,世纪大道北段675号,,商务楼
广博丽景中心,鄞州区,天达巷252号,,商务楼
鄞州创新大厦,鄞州区,鄞州区金谷北路228号,,商务楼
利时金融大厦A座,鄞州区,鄞州学士路与惠风路交汇处（鄞州区科技局北侧）,,商务楼
世贸中心大厦,海曙区,东渡路29号,,商务楼
三市大厦,海曙区,三市路3号,,商务楼
都市仁和19号,海曙区,君子街88弄19号,,商务楼
都市仁和6号,海曙区,君子街88弄6号,,商务楼
金隆国际(中信银行大厦),海曙区,镇明路36号,,商务楼
中央商座（大沙泥街）,海曙区,大沙泥街54号,,商务楼
银河大厦(宁波),海曙区,长春路35,,商务楼
开明大厦,海曙区,国医街12号,,商务楼
香溢国际3号门,海曙区,丽园南路1170号,,商务楼
天合家园（宁波）21单元,江北区,天合路天合财汇中心21、23号,,商务楼
碧华阁,江东区,百丈东路815号,,商务楼
长江国际中心B幢,北仑区,明州路731号,,商务楼
天之海大厦,海曙区,大梁街48号,,商务楼
柳汀星座,海曙区,柳汀街397号（苍松路299弄22号）,,商务楼
天元大厦,海曙区,解放南路9号,,商务楼
中农信国际商厦,海曙区,中山东路181号,,商务楼
天封大厦,海曙区,狮子街66号,,商务楼
时代广场裙楼,海曙区,冷静街10号,,商务楼
大时代B楼,江北区,人民路105号,,商务楼
宁燕大楼,江东区,兴宁路258号,,商务楼
兴业大厦(宁波),江东区,百丈东路901号,,商务楼
和丰创意广场谷庭楼,江东区,江东北路317号,,商务楼
东方商务中心4幢,江东区,兴宁路456号,,商务楼
杉杉大厦,鄞州区,日丽中路777号,,商务楼
振邦大厦,鄞州区,学士路270号,,商务楼
城南商务大厦,鄞州区,鄞州区惠风西路115号,,商务楼
博纳大厦(宁波),鄞州区,鄞州区泰康中路456号,,商务楼
宁波创业大厦,鄞州区,鄞州区金谷北路228号,,商务楼
丽园尚都A2座,海曙区,蓝天路201号,,商务楼
灵桥广场宁波,海曙区,药行街31号,,商务楼
天一豪景宁波,海曙区,华楼街19号、21号、31号,,商务楼
天宁大厦,海曙区,中山西路138号,,商务楼
海田大厦,海曙区,海曙区文教路,,商务楼
华宏国际中心,江东区,中兴路717号,,商务楼
东城百汇,江东区,百丈东路88号、96号,,商务楼
万金大厦,江东区,百丈东路892号,,商务楼
16城联邦,江东区,达升路21弄13号,,商务楼
九五国际A幢,江东区,江南路598号,,商务楼
科贸中心商务楼86号,江东区,高新区广贤街86号,,商务楼
和美城,江东区,江东区通途路与杨木\路交界处,,商务楼
宁波新城国际,江东区,科技园区清水桥路535号,,商务楼
阳光大厦(宁波),海曙区,解放南路65号,,商务楼
海通证券(新金穗大楼C楼),海曙区,解放北路148号,,商务楼
华侨城明珠阁,江东区,百丈东路819弄27号,,商务楼
崇光大厦,江东区,百丈东路796号,,商务楼
新天地商务楼(宁波)9号楼,江东区,世纪大道北段675号,,商务楼
利时大厦,江东区,百丈东路787号,,商务楼
博纳大厦(宁波),鄞州区,鄞州区泰康中路456号,,商务楼
长江国际中心A幢,北仑区,明州路731号,,商务楼
华东物资城,江东区,世纪大道555号,,商务楼
杉杉大厦,鄞州区,日丽中路777号,,商务楼
恒元大厦,鄞州区,鄞州区天童南路568号,,商务楼
鼓楼大厦,海曙区,中山西路75号,,商务楼
嘉汇国贸(宁波)A座,江东区,彩虹南路11号,,商务楼
高新区科技广场5幢,江东区,广贤街1071号,,商务楼
高新区科技广场1幢,江东区,江南路1498号,,商务楼
宁波汇金大厦,海曙区,和义路77号,,商务楼
香溢国际16号门,海曙区,丽园南路1170号,,商务楼
宁波望京E座,海曙区,海曙区望京路98号,,商务楼
东海曙光大厦,江东区,中山东路455号,,商务楼
宁波鼎盛时代,江东区,百丈东路648弄6号,,商务楼
世纪龙腾北楼,江东区,中兴路269北楼,,商务楼
中西大厦,海曙区,孝闻街29弄1号,,商务楼
丽园尚都A1座,海曙区,蓝天路203号,,商务楼
都市仁和18号,海曙区,君子街88弄18号,,商务楼
新金穗大楼B楼,海曙区,解放北路138,,商务楼
天合家园（宁波）23单元,江北区,天合路天合财汇中心21、23号,,商务楼
开丰大厦,江东区,中兴路762号,,商务楼
创时代,江东区,百丈东路852号,,商务楼
明晨大厦,江东区,中兴路138号,,商务楼
微软大厦,江东区,江东区江南路聚贤路555号,,商务楼
和丰创意广场意庭楼,江东区,江东北路317号,,商务楼
甬港现代铭楼（宁波）B座,江东区,菁华路188号,,商务楼
健宸大厦,鄞州区,泰荟路99号-1,,商务楼
广博丽景中心,鄞州区,天达巷252号,,商务楼
日月星座,鄞州区,鄞州区天智巷7号,,商务楼
老板娘新光大酒店,北仑区,北仑明州路789号,,酒店宾馆
大榭国际大酒店,北仑区,信开路111号,,酒店宾馆
曼哈顿天港大酒店,北仑区,宁波北仑区曼哈顿广场B区128号,,酒店宾馆
南苑饭店,海曙区,灵桥路2号,,酒店宾馆
白云山庄61号,海曙区,环城西路南段1号,,商住两用楼
城市广场(宁波)41号,海曙区,柳庄巷41号、42号,,商住两用楼
天成维多利大酒店,海曙区,望春路1188号中山西路延伸段,,酒店宾馆
宁玮世纪尚都大酒店,海曙区,环城西路南段158弄39号,,酒店宾馆
城市先锋,海曙区,广济街22号,,商住两用楼
白云山庄64号,海曙区,环城西路南段1号,,商住两用楼
白云山庄62号,海曙区,环城西路南段1号,,商住两用楼
城市广场(宁波),海曙区,柳庄巷41号、42号,,商住两用楼
城市广场(宁波)42号,海曙区,柳庄巷41号、42号,,商住两用楼
天成维多利大酒店,海曙区,望春路1188号中山西路延伸段,,酒店宾馆
宁波世纪盛业中苑大酒店,海曙区,段塘东路135号,,酒店宾馆
宏远大酒店(主楼),海曙区,联丰路386号,,酒店宾馆
新园宾馆,海曙区,解放南路188号,,酒店宾馆
南苑饭店,海曙区,灵桥路2号,,酒店宾馆
宏远大酒店(主楼),海曙区,联丰路316号,,酒店宾馆
新金星宾馆,海曙区,柳汀街555号,,酒店宾馆
宏远大酒店(北楼),海曙区,联丰路316号,,酒店宾馆
天港洲际大酒店,海曙区,环城西路南段256号,,酒店宾馆
联谊宾馆,海曙区,国医街85号,,酒店宾馆
南苑饭店,海曙区,灵桥路2号,,酒店宾馆
(宁波)丽园宾馆,海曙区,望春路22号,,酒店宾馆
嘉和大酒店A座,海曙区,宁波市海曙区新典路108号,,酒店宾馆
宁波世纪盛业宾馆,海曙区,体育场路43号,,酒店宾馆
嘉和大酒店B座,海曙区,宁波市海曙区新典路108号,,酒店宾馆
南苑饭店,海曙区,灵桥路2号,,酒店宾馆
白云山庄63号,海曙区,环城西路南段1号,,商住两用楼
时代新居,海曙区,环城西路南681号,,商住两用楼
尚南小筑,海曙区,顺德路189弄,,商住两用楼
宏远大酒店(主楼),海曙区,联丰路316号,,酒店宾馆
宏远大酒店（主楼）,海曙区,联丰路386号,,酒店宾馆
宏远大酒店(北楼),海曙区,联丰路316号,,酒店宾馆
中山饭店,海曙区,孝闻街100号,,酒店宾馆
宏远大酒店(西楼),海曙区,联丰路316号,,酒店宾馆
宏远大酒店(西楼),海曙区,联丰路316号,,酒店宾馆
南苑饭店,海曙区,灵桥路2号,,酒店宾馆
天海十里红妆大酒店,海曙区,苍松路151号,,酒店宾馆
宁波大酒店,海曙区,中山东路145号,,酒店宾馆
锦江之星天一阁西河街店,海曙区,西河街97号,,酒店宾馆
远洲大酒店,江北区,江北大道99号,,酒店宾馆
海顿公馆1幢,江北区,江北区桃渡路,,商住两用楼
海顿公馆2幢,江北区,江北区桃渡路,,商住两用楼
槐树公寓,江北区,槐树巷6号、8号、12号,,商住两用楼
远洲大酒店,江北区,江北大道99号,,酒店宾馆
滨江假日酒店,江北区,环城北路怡西街7号,,酒店宾馆
外滩风景,江北区,江北区车站路77弄15号,,商住两用楼
金港大酒店(宁波),江北区,杨善路51号,,酒店宾馆
大时代(宁波)A楼,江北区,人民路105号,,商住两用楼
黄金水岸,江北区,槐树路146号,,商住两用楼
大时代(宁波)B楼,江北区,人民路105号,,商住两用楼
黄金水岸,江北区,槐树路146号,,商住两用楼
大时代（宁波）A楼,江北区,人民路105号,,商住两用楼
大时代（宁波）B楼,江北区,人民路105号,,商住两用楼
凌江名庭,江东区,东胜路11号,,商住两用楼
凌江名庭,江东区,东胜路11号,,商住两用楼
宾果花园2号楼,江东区,清水桥路64号,,商住两用楼
城市阳光大酒店,江东区,朝晖路308,,酒店宾馆
宾果花园7号楼,江东区,清水桥路64号,,商住两用楼
城市QQ286号门,江东区,民安路715号286号门,,商住两用楼
梅柏公寓,江东区,中兴路655号,,商住两用楼
名江新都(宁波),江东区,百丈路黄栀花巷61,,商住两用楼
华泰银座,江东区,桑田路741弄,,商住两用楼
名江新都(宁波)3号楼,江东区,百丈路黄栀花巷61,,商住两用楼
天港禧悦酒店,江东区,惊驾路1088号,,酒店宾馆
博文大酒店(宁波),江东区,中兴南路99号,,酒店宾馆
天港禧悦酒店,江东区,惊驾路1088号,,酒店宾馆
中信宁波国际大酒店,江东区,江东北路1号,,酒店宾馆
新舟宾馆,江东区,中山东路678号,,酒店宾馆
金东岸,江东区,宁波市高新区光华路1号,,商住两用楼
城市QQ282号门,江东区,民安路715号282号门,,商住两用楼
城市QQ288号门,江东区,民安路715号288号门,,商住两用楼
凌江名庭,江东区,东胜路11号,,商住两用楼
中山名都(宁波),江东区,中山东路华泰街39弄3号、7号、9号,,商住两用楼
商都大厦,江东区,芙蓉路38弄22号,,商住两用楼
凌江名庭,江东区,东胜路11号,,商住两用楼
宾果花园6号楼,江东区,清水桥路64号,,商住两用楼
名江新都(宁波)2号楼,江东区,百丈路黄栀花巷61,,商住两用楼
宾果花园4号楼,江东区,清水桥路64号,,商住两用楼
宾果花园1号楼,江东区,清水桥路64号,,商住两用楼
宾果花园8号楼,江东区,清水桥路64号,,商住两用楼
宾果花园5号楼,江东区,清水桥路64号,,商住两用楼
常青天地,江东区,中兴路39弄29号,,商住两用楼
宝泰花苑,江东区,百丈东路762号,,商住两用楼
名江新都(宁波)1号楼,江东区,百丈路黄栀花巷61,,商住两用楼
凯利大酒店,江东区,箕漕街76号,,酒店宾馆
爱都会大厦,鄞州区,鄞州区嵩江东路589号,,商住两用楼
城市之心.48克拉,鄞州区,鄞州区天童北路与四明中路交叉口,,商住两用楼
钱丰大厦111号门,鄞州区,鄞州区钱湖北路439弄（111号门）,,商住两用楼
钱丰大厦105号门,鄞州区,鄞州区钱湖北路439弄（105号门）,,商住两用楼
钱丰大厦109号门,鄞州区,鄞州区钱湖北路439弄（109号门）,,商住两用楼
东寅商座A座,鄞州区,百丈东路2400弄17号,,商住两用楼
爱居,鄞州区,嵩江中路300号,,商住两用楼
钱丰大厦109号门,鄞州区,鄞州区钱湖北路439弄（109号门）,,商住两用楼
新城名苑,鄞州区,首南街道天高巷222号,,商住两用楼
银苑大酒店,鄞州区,贸城中路655号,,酒店宾馆
钱丰大厦105号门,鄞州区,鄞州区钱湖北路439弄（105号门）,,商住两用楼
钱丰大厦111号门,鄞州区,鄞州区钱湖北路439弄（111号门）,,商住两用楼
联盛天连天B座58号,鄞州区,宁波市鄞州区宁南北路1288号,,商住两用楼
钱丰大厦107号门,鄞州区,鄞州区钱湖北路439弄（107号门）,,商住两用楼
远恒大厦,鄞州区,鄞州区启运路外事学校对面,,商住两用楼
新城名苑,鄞州区,首南街道天高巷222号,,商住两用楼
东寅商座B座,鄞州区,百丈东路2400弄17号,,商住两用楼
联盛巧克力,鄞州区,宁波市鄞州区四明西路与钟公庙路交叉口,,商住两用楼
联盛天连天A座57号,鄞州区,宁波市鄞州区宁南北路1288号,,商住两用楼
文昌花园39号门,海曙区,五块巷39号,,高级公寓楼
文昌花园41号门,海曙区,五块巷39号,,高级公寓楼
香榭丽舍16号,海曙区,文昌路39弄16号,,高级公寓楼
香榭丽舍5号,海曙区,效实巷98弄5号,,高级公寓楼
香榭丽舍7号,海曙区,效实巷98弄7号,,高级公寓楼
香榭丽舍12号,海曙区,文昌路39弄12号,,高级公寓楼
香榭丽舍3号,海曙区,效实巷98弄3号,,高级公寓楼
香榭丽舍14号,海曙区,文昌路39弄14号,,高级公寓楼
香榭丽舍10号,海曙区,效实巷98弄10号,,高级公寓楼
文昌花园37号门,海曙区,五块巷39号,,高级公寓楼
银杏四季3号门,海曙区,望京路38弄,,高级公寓楼
银杏四季8号门,海曙区,望京路38弄,,高级公寓楼
望京欧院26号楼,海曙区,高塘路129弄,,高级公寓楼
迎春水岸3号门,海曙区,迎春路117号,,高级公寓楼
青林湾3期57幢1单元,海曙区,江北区东至青林渡路（青林湾街）,,高级公寓楼
天一家园（宁波）16幢,海曙区,中山西路988弄（澄波街275号）,,高级公寓楼
青林湾6期90幢1单元,海曙区,新星路8号,,高级公寓楼
银杏四季4号门,海曙区,望京路38弄,,高级公寓楼
望京欧院34号楼,海曙区,高塘路129弄,,高级公寓楼
迎春水岸1号门,海曙区,迎春路117号,,高级公寓楼
迎春水岸2号门,海曙区,迎春路117号,,高级公寓楼
21码头H3A座,海曙区,江北区丽园北路1500号,,高级公寓楼
21码头H4A座,海曙区,江北区丽园北路1500号,,高级公寓楼
青林湾7期106幢2单元,海曙区,新星路8号,,高级公寓楼
高塘公寓5号门,海曙区,新芝路158弄5号,,高级公寓楼
沁水丽庭19号,海曙区,海曙区沁园街40号-42号,,高级公寓楼
文昌花园37号门,海曙区,五块巷39号,,高级公寓楼
生活大师,海曙区,鄞奉路35号-1,,高级公寓楼
文昌花园41号门,海曙区,五块巷39号,,高级公寓楼
都市港湾1号门,海曙区,联丰中路118号,,高级公寓楼
青林湾3期58幢1单元,海曙区,江北区东至青林渡路（青林湾街）,,高级公寓楼
天一家园（宁波）114幢,海曙区,中山西路988弄（澄波街275号）,,高级公寓楼
高塘公寓2号门,海曙区,新芝路158弄2号,,高级公寓楼
银杏四季18号门,海曙区,望京路38弄,,高级公寓楼
银杏四季7号门,海曙区,望京路38弄,,高级公寓楼
青林湾3期53幢2单元,海曙区,江北区东至青林渡路（青林湾街）,,高级公寓楼
21码头H3B座,海曙区,江北区丽园北路1500号,,高级公寓楼
天一家园（宁波）14幢,海曙区,中山西路988弄（澄波街275号）,,高级公寓楼
银杏四季10号门,海曙区,望京路38弄,,高级公寓楼
迎春水岸5号门,海曙区,迎春路117号,,高级公寓楼
天庐苑93号,海曙区,蓝天路395弄,,高级公寓楼
21码头H1A座,海曙区,江北区丽园北路1500号,,高级公寓楼
21码头H1D座,海曙区,江北区丽园北路1500号,,高级公寓楼
天一家园（宁波）6幢,海曙区,中山西路988弄（澄波街275号）,,高级公寓楼
青林湾7期106幢1单元,海曙区,新星路8号,,高级公寓楼
望京欧院18号楼,海曙区,高塘路129弄,,高级公寓楼
中山西苑,海曙区,念九巷2号,,高级公寓楼
天庐苑95号,海曙区,蓝天路395弄,,高级公寓楼
21码头H1B座,海曙区,江北区丽园北路1500号,,高级公寓楼
沁水丽庭20号,海曙区,海曙区沁园街40号-42号,,高级公寓楼
都市风华115号,海曙区,尹江路32号（南郊路115号）,,高级公寓楼
都市风华95号,海曙区,尹江路32号（南郊路95号）,,高级公寓楼
星河湾,海曙区,鄞奉路469弄17号,,高级公寓楼
丰华名都4号,海曙区,马园路161号（马园路165弄4）,,高级公寓楼
天庐苑71号,海曙区,蓝天路395弄,,高级公寓楼
青林湾3期55幢1单元,海曙区,江北区东至青林渡路（青林湾街）,,高级公寓楼
青林湾3期56幢2单元,海曙区,江北区东至青林渡路（青林湾街）,,高级公寓楼
沁水丽庭18号,海曙区,海曙区沁园街40号-42号,,高级公寓楼
文昌花园39号门,海曙区,五块巷39号,,高级公寓楼
香榭丽舍16号,海曙区,文昌路39弄16号,,高级公寓楼
宁波繁景花园B楼213号,海曙区,育才路288号,,高级公寓楼
天庐苑97号,海曙区,蓝天路395弄,,高级公寓楼
青林湾3期55幢2单元,海曙区,江北区东至青林渡路（青林湾街）,,高级公寓楼
天一家园（宁波）118幢,海曙区,中山西路988弄（澄波街275号）,,高级公寓楼
望京欧院22号楼,海曙区,高塘路129弄,,高级公寓楼
都市港湾2号门,海曙区,联丰中路118号,,高级公寓楼
青林湾3期59幢2单元,海曙区,江北区东至青林渡路（青林湾街）,,高级公寓楼
21码头H1C座,海曙区,江北区丽园北路1500号,,高级公寓楼
21码头H2B座,海曙区,江北区丽园北路1500号,,高级公寓楼
沁水丽庭30号,海曙区,海曙区沁园街40号-42号,,高级公寓楼
香榭丽舍12号,海曙区,文昌路39弄12号,,高级公寓楼
银杏四季16号门,海曙区,望京路38弄,,高级公寓楼
银杏四季6号门,海曙区,望京路38弄,,高级公寓楼
望京欧院16号楼,海曙区,高塘路129弄,,高级公寓楼
天庐苑69号,海曙区,蓝天路395弄,,高级公寓楼
21码头H2A座,海曙区,江北区丽园北路1500号,,高级公寓楼
宁波繁景花园A楼212号,海曙区,育才路288号,,高级公寓楼
青林湾3期59幢1单元,海曙区,江北区东至青林渡路（青林湾街）,,高级公寓楼
青林湾7期99幢1单元,海曙区,新星路8号,,高级公寓楼
都市风华135号,海曙区,尹江路32号（南郊路135号）,,高级公寓楼
香榭丽舍14号,海曙区,文昌路39弄14号,,高级公寓楼
银杏四季12号门,海曙区,望京路38弄,,高级公寓楼
银杏四季1号门,海曙区,望京路38弄,,高级公寓楼
望京欧院24号楼,海曙区,高塘路129弄,,高级公寓楼
望京欧院28号楼,海曙区,高塘路129弄,,高级公寓楼
望京欧院32号楼,海曙区,高塘路129弄,,高级公寓楼
丰华名都9号,海曙区,马园路161号（马园路165弄9）,,高级公寓楼
丰华名都,海曙区,马园路169号,,高级公寓楼
迎春水岸4号门,海曙区,迎春路117号,,高级公寓楼
青林湾3期57幢2单元,海曙区,江北区东至青林渡路（青林湾街）,,高级公寓楼
青林湾3期58幢2单元,海曙区,江北区东至青林渡路（青林湾街）,,高级公寓楼
天一家园（宁波）10幢,海曙区,中山西路988弄（澄波街275号）,,高级公寓楼
天一家园（宁波）122幢,海曙区,中山西路988弄（澄波街275号）,,高级公寓楼
天一家园（宁波）12幢,海曙区,中山西路988弄（澄波街275号）,,高级公寓楼
天一家园（宁波）8幢,海曙区,中山西路988弄（澄波街275号）,,高级公寓楼
青林湾6期86幢2单元,海曙区,新星路8号,,高级公寓楼
青林湾7期104幢1单元,海曙区,新星路8号,,高级公寓楼
银杏四季14号门,海曙区,望京路38弄,,高级公寓楼
都市港湾3号门,海曙区,联丰中路118号,,高级公寓楼
青林湾7期102幢1单元,海曙区,新星路8号,,高级公寓楼
高塘公寓1号门,海曙区,新芝路158弄1号,,高级公寓楼
高塘公寓3号门,海曙区,新芝路158弄3号,,高级公寓楼
东方苑雅阁,海曙区,柳庄巷6号,,高级公寓楼
太阳公寓,海曙区,冷静街43弄1号,,高级公寓楼
沁水丽庭21号,海曙区,海曙区沁园街40号-42号,,高级公寓楼
望京欧院20号楼,海曙区,高塘路129弄,,高级公寓楼
时代金领,海曙区,汇头巷1号、2号,,高级公寓楼
青林湾6期86幢1单元,海曙区,新星路8号,,高级公寓楼
沁水丽庭29号,海曙区,海曙区沁园街40号-42号,,高级公寓楼
银杏四季5号门,海曙区,望京路38弄,,高级公寓楼
丰华名都11号,海曙区,马园路161号（马园路165弄11）,,高级公寓楼
天庐苑67号,海曙区,蓝天路395弄,,高级公寓楼
天庐苑73号,海曙区,蓝天路395弄,,高级公寓楼
天一家园（宁波）4幢,海曙区,中山西路988弄（澄波街275号）,,高级公寓楼
望京欧院30号楼,海曙区,高塘路129弄,,高级公寓楼
丰华名都3号,海曙区,马园路161号（马园路165弄3）,,高级公寓楼
青林湾3期53幢1单元,海曙区,江北区东至青林渡路（青林湾街）,,高级公寓楼
青林湾6期87幢1单元,海曙区,新星路8号,,高级公寓楼
天水家园二期250号,江北区,江北区丽江东路298号,,高级公寓楼
天水家园二期252号,江北区,江北区丽江东路298号,,高级公寓楼
天水家园二期256号,江北区,江北区丽江东路298号,,高级公寓楼
天水家园二期257号,江北区,江北区丽江东路298号,,高级公寓楼
丽晶国际5号,江北区,范江岸路168弄5号,,高级公寓楼
天水家园二期262号,江北区,江北区丽江东路298号,,高级公寓楼
丽晶国际1号,江北区,范江岸路168弄1号,,高级公寓楼
江北万达公寓2号楼,江北区,江北区江北大道188号（宝庆路320路）,,高级公寓楼
同方杰座5号楼,江北区,江北区人民路招商银行对面,,高级公寓楼
外滩花园3号门,江北区,中马路517号,,高级公寓楼
天水家园二期253号,江北区,江北区丽江东路298号,,高级公寓楼
天水家园二期272号,江北区,江北区丽江东路298号,,高级公寓楼
外滩花园6号门,江北区,中马路517号,,高级公寓楼
丽晶国际20号,江北区,范江岸路168弄20号,,高级公寓楼
同方杰座12号楼,江北区,江北区人民路招商银行对面,,高级公寓楼
天水家园(天水金领公寓),江北区,江北区康庄南路21号,,高级公寓楼
丽晶国际13号,江北区,范江岸路168弄13号,,高级公寓楼
同方杰座2号楼,江北区,江北区人民路招商银行对面,,高级公寓楼
丽晶国际15号,江北区,范江岸路168弄15号,,高级公寓楼
江北万达公寓3号楼,江北区,江北区江北大道188号（宝庆路320路）,,高级公寓楼
外滩花园2号门,江北区,中马路517号,,高级公寓楼
外滩花园5号门,江北区,中马路517号,,高级公寓楼
天水家园二期251号,江北区,江北区丽江东路298号,,高级公寓楼
江北万达公寓6号楼,江北区,江北区江北大道188号（宝庆路320路）,,高级公寓楼
爱情公寓,江北区,康庄南路138号,,高级公寓楼
天水家园二期261号,江北区,江北区丽江东路298号,,高级公寓楼
江北万达公寓7号楼,江北区,江北区江北大道188号（宝庆路320路）,,高级公寓楼
丽晶国际19号,江北区,范江岸路168弄19号,,高级公寓楼
丽晶国际8号,江北区,范江岸路168弄8号,,高级公寓楼
丽晶国际22号,江北区,范江岸路168弄22号,,高级公寓楼
江北万达公寓4号楼,江北区,江北区江北大道188号（宝庆路320路）,,高级公寓楼
丽晶国际17号,江北区,范江岸路168弄17号,,高级公寓楼
国际村6号,江北区,范江岸路198弄6号,,高级公寓楼
国际村2号,江北区,范江岸路198弄2号,,高级公寓楼
外滩花园1号门,江北区,中马路517号,,高级公寓楼
外滩花园4号门,江北区,中马路517号,,高级公寓楼
天水家园二期258号,江北区,江北区丽江东路298号,,高级公寓楼
同方杰座22号楼,江北区,江北区人民路招商银行对面,,高级公寓楼
国际村4号,江北区,范江岸路198弄4号,,高级公寓楼
江北万达公寓1号楼,江北区,江北区江北大道188号（宝庆路320路）,,高级公寓楼
江北万达公寓5号楼,江北区,江北区江北大道188号（宝庆路320路）,,高级公寓楼
国际村3号,江北区,范江岸路198弄3号,,高级公寓楼
国际村1号,江北区,范江岸路198弄1号,,高级公寓楼
甬城金大第B楼（曙光路）,江东区,曙光路9弄1号,,高级公寓楼
景家园26号,江东区,徐戎路259弄26号,,高级公寓楼
星河晨光B区4号,江东区,沧海路2068弄4号,,高级公寓楼
新时代物业服务中心11号楼,江东区,宁穿路338号,,高级公寓楼
新时代物业服务中心16号楼,江东区,宁穿路338号,,高级公寓楼
新时代物业服务中心19号楼,江东区,宁穿路338号,,高级公寓楼
晶华名园2号楼,江东区,华严街77,,高级公寓楼
晶华名园7号楼,江东区,华严街77,,高级公寓楼
雍和苑4号楼,江东区,华严街25,,高级公寓楼
雍和苑8号楼,江东区,华严街25,,高级公寓楼
盛世东方8号,江东区,中山东路1379弄8号,,高级公寓楼
枫丹馨园1号,江东区,中山东路895弄12号,,高级公寓楼
枫丹琴园5号,江东区,中山东路858弄5号,,高级公寓楼
丽江新都13号门,江东区,演武街25号,,高级公寓楼
丽江新都16号门,江东区,演武街25号,,高级公寓楼
甬城和庭1号,江东区,姚隘路289弄1号,,高级公寓楼
甬城和庭2号,江东区,姚隘路289弄2号,,高级公寓楼
交通BOBO城92号门,江东区,曙光北路1708号,,高级公寓楼
交通BOBO城145号门,江东区,曙光北路1708号,,高级公寓楼
交通BOBO城2期美墅148号楼,江东区,曙光北路1708号,,高级公寓楼
福海花园4号门,江东区,江东区桃源街202号,,高级公寓楼
福海花园9号门,江东区,江东区桃源街202号,,高级公寓楼
新河公寓,江东区,华严街169弄76,,高级公寓楼
碧水和城1幢2号,江东区,民安路,,高级公寓楼
甬城金大第A楼,江东区,曙光路9弄15号,,高级公寓楼
甬城金大第B楼（中山东路）,江东区,中山东路421弄5号,,高级公寓楼
星河晨光B区5号,江东区,沧海路2068弄5号,,高级公寓楼
新时代物业服务中心1号楼,江东区,宁穿路338号,,高级公寓楼
雍和苑11号楼,江东区,华严街25,,高级公寓楼
盛世东方2号,江东区,中山东路1379弄2号,,高级公寓楼
枫丹公寓15号,江东区,中山东路823弄15号,,高级公寓楼
枫丹琴园4号,江东区,中山东路858弄4号,,高级公寓楼
(宁波)星辰明珠,江东区,兴宁路280弄-25号,,高级公寓楼
甬城和庭4号,江东区,姚隘路289弄4号,,高级公寓楼
交通BOBO城101号门,江东区,曙光北路1708号,,高级公寓楼
交通BOBO城111号门,江东区,曙光北路1708号,,高级公寓楼
交通BOBO城91号门,江东区,曙光北路1708号,,高级公寓楼
交通BOBO城93号门,江东区,曙光北路1708号,,高级公寓楼
交通BOBO城116号门,江东区,曙光北路1708号,,高级公寓楼
交通BOBO城127号门,江东区,曙光北路1708号,,高级公寓楼
福海花园8号门,江东区,江东区桃源街202号,,高级公寓楼
荷花家园10号,江东区,舟孟南路122弄10号,,高级公寓楼
荷花家园4号,江东区,舟孟南路122弄4号,,高级公寓楼
荷花家园5号,江东区,舟孟南路122弄5号,,高级公寓楼
华侨城123号楼,江东区,中山东路819弄123号,,高级公寓楼
华侨城125号楼,江东区,中山东路819弄125号,,高级公寓楼
碧水和城7幢20号,江东区,民安路,,高级公寓楼
碧水和城8幢21号,江东区,民安路,,高级公寓楼
雍和苑3号楼,江东区,华严街25,,高级公寓楼
枫丹琴园1号,江东区,中山东路858弄1号,,高级公寓楼
枫丹琴园6号,江东区,中山东路858弄6号,,高级公寓楼
交通BOBO城126号门,江东区,曙光北路1708号,,高级公寓楼
交通BOBO城130号门,江东区,曙光北路1708号,,高级公寓楼
华侨城113号楼,江东区,中山东路819弄113号,,高级公寓楼
华侨城115号楼,江东区,中山东路819弄115号,,高级公寓楼
碧水和城9幢24号,江东区,民安路,,高级公寓楼
江东新世纪12号楼,江东区,南演武街175弄,,高级公寓楼
星河晨光A区,江东区,沧海路2068弄1号,,高级公寓楼
香榭公寓,江东区,中兴路513号,,高级公寓楼
枫丹琴园3号,江东区,中山东路858弄3号,,高级公寓楼
丽江新都20号门,江东区,演武街25号,,高级公寓楼
交通BOBO城90号门,江东区,曙光北路1708号,,高级公寓楼
交通BOBO城95号门,江东区,曙光北路1708号,,高级公寓楼
交通BOBO城135号门,江东区,曙光北路1708号,,高级公寓楼
交通BOBO城2期美墅183号楼,江东区,曙光北路1708号,,高级公寓楼
福海花园2号门,江东区,江东区桃源街202号,,高级公寓楼
碧水和城17幢52号,江东区,民安路,,高级公寓楼
碧水和城5幢15号,江东区,民安路,,高级公寓楼
长银公寓楼,江东区,朝晖路136号,,高级公寓楼
雍和苑7号楼,江东区,华严街25,,高级公寓楼
中山首府（宁波）B楼,江东区,中山东路369,,高级公寓楼
枫丹馨园6号,江东区,中山东路895弄5号,,高级公寓楼
金成云庭,江东区,箕漕街79弄-20,,高级公寓楼
彩虹国际4号门,江东区,彩虹南路257号4号门,,高级公寓楼
交通BOBO城113号门,江东区,曙光北路1708号,,高级公寓楼
交通BOBO城94号门,江东区,曙光北路1708号,,高级公寓楼
交通BOBO城124号门,江东区,曙光北路1708号,,高级公寓楼
交通BOBO城133号门,江东区,曙光北路1708号,,高级公寓楼
交通BOBO城140号门,江东区,曙光北路1708号,,高级公寓楼
交通BOBO城143号门,江东区,曙光北路1708号,,高级公寓楼
交通BOBO城2期美墅174号楼,江东区,曙光北路1708号,,高级公寓楼
华侨城117号楼,江东区,中山东路819弄117号,,高级公寓楼
华侨城121号楼,江东区,中山东路819弄121号,,高级公寓楼
景家园24号,江东区,徐戎路259弄24号,,高级公寓楼
星河晨光B区2号,江东区,沧海路2068弄2号,,高级公寓楼
新时代物业服务中心10号楼,江东区,宁穿路338号,,高级公寓楼
新时代物业服务中心9号楼,江东区,宁穿路338号,,高级公寓楼
晶华名园5号楼,江东区,华严街77,,高级公寓楼
雍和苑10号楼,江东区,华严街25,,高级公寓楼
盛世东方1号,江东区,中山东路1379弄1号,,高级公寓楼
盛世东方5号,江东区,中山东路1379弄5号,,高级公寓楼
枫丹公寓24号,江东区,中山东路823弄24号,,高级公寓楼
丽江新都4号门,江东区,演武街25号,,高级公寓楼
常青藤,江东区,朝晖路416-268,,高级公寓楼
彩虹国际1号门,江东区,彩虹南路257号1号门,,高级公寓楼
交通BOBO城100号门,江东区,曙光北路1708号,,高级公寓楼
交通BOBO城125号门,江东区,曙光北路1708号,,高级公寓楼
交通BOBO城2期美墅146号楼,江东区,曙光北路1708号,,高级公寓楼
交通BOBO城2期美墅168号楼,江东区,曙光北路1708号,,高级公寓楼
东郡名苑2号楼2单元,江东区,江东区江南路518号,,高级公寓楼
华侨城119号楼,江东区,中山东路819弄119号,,高级公寓楼
碧水和城12幢39号,江东区,民安路,,高级公寓楼
碧水和城4幢12号,江东区,民安路,,高级公寓楼
碧水和城7幢19号,江东区,民安路,,高级公寓楼
碧水和城9幢26号,江东区,民安路,,高级公寓楼
景家园22号,江东区,徐戎路259弄22号,,高级公寓楼
星河晨光B区3号,江东区,沧海路2068弄3号,,高级公寓楼
维科星辰(宁波)7号楼,江东区,大步街61号,,高级公寓楼
盛世东方6号,江东区,中山东路1379弄6号,,高级公寓楼
枫丹公寓20号,江东区,中山东路823弄20号,,高级公寓楼
丽江新都32号门,江东区,演武街25号,,高级公寓楼
丽江新都6号门,江东区,演武街25号,,高级公寓楼
(宁波)星辰明珠,江东区,兴宁路280弄-25号,,高级公寓楼
交通BOBO城132号门,江东区,曙光北路1708号,,高级公寓楼
交通BOBO城137号门,江东区,曙光北路1708号,,高级公寓楼
交通BOBO城142号门,江东区,曙光北路1708号,,高级公寓楼
交通BOBO城144号门,江东区,曙光北路1708号,,高级公寓楼
福海花园7号门,江东区,江东区桃源街202号,,高级公寓楼
华侨城82号楼,江东区,中山东路819弄82号,,高级公寓楼
碧水和城4幢10号,江东区,民安路,,高级公寓楼
碧水和城9幢27号,江东区,民安路,,高级公寓楼
景家园20号,江东区,徐戎路259弄20号,,高级公寓楼
江东新世纪2号楼,江东区,南演武街175弄,,高级公寓楼
星河晨光B区1号,江东区,沧海路2068弄1号,,高级公寓楼
新时代物业服务中心4号楼,江东区,宁穿路338号,,高级公寓楼
晶华名园6号楼,江东区,华严街77,,高级公寓楼
维科星辰(宁波)4号楼,江东区,大步街61号,,高级公寓楼
盛世东方3号,江东区,中山东路1379弄3号,,高级公寓楼
枫丹馨园10号,江东区,中山东路895弄10号,,高级公寓楼
怡景花园(宁波)B座,江东区,甬港北路92弄5号,,高级公寓楼
甬城和庭3号,江东区,姚隘路289弄3号,,高级公寓楼
交通BOBO城105号门,江东区,曙光北路1708号,,高级公寓楼
交通BOBO城4号门,江东区,曙光北路1708号,,高级公寓楼
交通BOBO城96号门,江东区,曙光北路1708号,,高级公寓楼
交通BOBO城120号门,江东区,曙光北路1708号,,高级公寓楼
交通BOBO城2期美墅153号楼,江东区,曙光北路1708号,,高级公寓楼
荷花家园1号,江东区,舟孟南路122弄1号,,高级公寓楼
荷花家园7号,江东区,舟孟南路122弄7号,,高级公寓楼
荷花家园8号,江东区,舟孟南路122弄8号,,高级公寓楼
好阳光国际商务公寓A座,江东区,百丈东路968号,,高级公寓楼
好阳光国际商务公寓B座,江东区,百丈东路968号,,高级公寓楼
碧水和城1幢1号,江东区,民安路,,高级公寓楼
碧水和城1幢3号,江东区,民安路,,高级公寓楼
新时代物业服务中心18号楼,江东区,宁穿路338号,,高级公寓楼
(宁波)时代华庭A楼,江东区,兴宁路28号,,高级公寓楼
盛世东方7号,江东区,中山东路1379弄7号,,高级公寓楼
丽江新都25号门,江东区,演武街25号,,高级公寓楼
交通BOBO城103号门,江东区,曙光北路1708号,,高级公寓楼
交通BOBO城106号门,江东区,曙光北路1708号,,高级公寓楼
交通BOBO城110号门,江东区,曙光北路1708号,,高级公寓楼
交通BOBO城5号门,江东区,曙光北路1708号,,高级公寓楼
交通BOBO城123号门,江东区,曙光北路1708号,,高级公寓楼
交通BOBO城128号门,江东区,曙光北路1708号,,高级公寓楼
交通BOBO城131号门,江东区,曙光北路1708号,,高级公寓楼
交通BOBO城141号门,江东区,曙光北路1708号,,高级公寓楼
华侨城111号楼,江东区,中山东路819弄111号,,高级公寓楼
沧海名苑A幢,江东区,沧海路1296号,,高级公寓楼
江东新世纪9号楼,江东区,南演武街175弄,,高级公寓楼
(宁波)时代华庭B楼,江东区,兴宁路28号,,高级公寓楼
中山首府（宁波）A楼,江东区,中山东路369,,高级公寓楼
中山首府（宁波）B座,江东区,中山东路369,,高级公寓楼
交通BOBO城108号门,江东区,曙光北路1708号,,高级公寓楼
交通BOBO城99号门,江东区,曙光北路1708号,,高级公寓楼
交通BOBO城119号门,江东区,曙光北路1708号,,高级公寓楼
交通BOBO城2期美墅165号楼,江东区,曙光北路1708号,,高级公寓楼
福海花园5号门,江东区,江东区桃源街202号,,高级公寓楼
碧水和城9幢25号,江东区,民安路,,高级公寓楼
盛世东方4号,江东区,中山东路1379弄4号,,高级公寓楼
枫丹公寓25号,江东区,中山东路823弄25号,,高级公寓楼
丽江新都29号门,江东区,演武街25号,,高级公寓楼
交通BOBO城104号门,江东区,曙光北路1708号,,高级公寓楼
交通BOBO城3号门,江东区,曙光北路1708号,,高级公寓楼
交通BOBO城121号门,江东区,曙光北路1708号,,高级公寓楼
交通BOBO城122号门,江东区,曙光北路1708号,,高级公寓楼
交通BOBO城136号门,江东区,曙光北路1708号,,高级公寓楼
交通BOBO城2期美墅171号楼,江东区,曙光北路1708号,,高级公寓楼
荷花家园3号,江东区,舟孟南路122弄3号,,高级公寓楼
彩虹芳邻,江东区,彩虹南路58弄-33,,高级公寓楼
碧水和城5幢16号,江东区,民安路,,高级公寓楼
碧水和城8幢22号,江东区,民安路,,高级公寓楼
碧水和城8幢23号,江东区,民安路,,高级公寓楼
江东新世纪13号楼,江东区,南演武街175弄,,高级公寓楼
江东新世纪3号楼,江东区,南演武街175弄,,高级公寓楼
新时代物业服务中心3号楼,江东区,宁穿路338号,,高级公寓楼
新时代物业服务中心6号楼,江东区,宁穿路338号,,高级公寓楼
枫丹馨园4号,江东区,中山东路895弄3号,,高级公寓楼
枫丹馨园5号,江东区,中山东路895弄4号,,高级公寓楼
枫丹馨园7号,江东区,中山东路895弄6号,,高级公寓楼
枫丹馨园8号,江东区,中山东路895弄7号,,高级公寓楼
枫丹公寓22号,江东区,中山东路823弄22号,,高级公寓楼
枫丹琴园8号,江东区,中山东路858弄8号,,高级公寓楼
怡景花园(宁波)A座,江东区,甬港北路92弄5号,,高级公寓楼
交通BOBO城109号门,江东区,曙光北路1708号,,高级公寓楼
交通BOBO城1号门,江东区,曙光北路1708号,,高级公寓楼
交通BOBO城117号门,江东区,曙光北路1708号,,高级公寓楼
交通BOBO城2期美墅161号楼,江东区,曙光北路1708号,,高级公寓楼
交通BOBO城2期美墅164号楼,江东区,曙光北路1708号,,高级公寓楼
交通BOBO城2期美墅173号楼,江东区,曙光北路1708号,,高级公寓楼
新时代物业服务中心12号楼,江东区,宁穿路338号,,高级公寓楼
维科星辰(宁波)1号楼,江东区,大步街61号,,高级公寓楼
雍和苑1号楼,江东区,华严街25,,高级公寓楼
雍和苑2号楼,江东区,华严街25,,高级公寓楼
枫丹馨园2号,江东区,中山东路895弄1号,,高级公寓楼
枫丹公寓23号,江东区,中山东路823弄23号,,高级公寓楼
交通BOBO城107号门,江东区,曙光北路1708号,,高级公寓楼
交通BOBO城2号门,江东区,曙光北路1708号,,高级公寓楼
交通BOBO城6号门,江东区,曙光北路1708号,,高级公寓楼
福海花园3号门,江东区,江东区桃源街202号,,高级公寓楼
福海花园6号门,江东区,江东区桃源街202号,,高级公寓楼
沧海名苑B幢,江东区,沧海路1296号,,高级公寓楼
碧水和城4幢11号,江东区,民安路,,高级公寓楼
晶华名园1号楼,江东区,华严街77,,高级公寓楼
晶华名园3号楼,江东区,华严街77,,高级公寓楼
晶华名园4号楼,江东区,华严街77,,高级公寓楼
雍和苑车库,江东区,华严街25,,高级公寓楼
枫丹公寓19号,江东区,中山东路823弄19号,,高级公寓楼
枫丹琴园10号,江东区,中山东路858弄10号,,高级公寓楼
丽江新都12号门,江东区,演武街25号,,高级公寓楼
丽江新都1号门,江东区,演武街25号,,高级公寓楼
金成云庭,江东区,箕漕街79弄-20,,高级公寓楼
常青藤,江东区,朝晖路416-268,,高级公寓楼
交通BOBO城102号门,江东区,曙光北路1708号,,高级公寓楼
交通BOBO城112号门,江东区,曙光北路1708号,,高级公寓楼
交通BOBO城2期美墅180号楼,江东区,曙光北路1708号,,高级公寓楼
荷花家园6号,江东区,舟孟南路122弄6号,,高级公寓楼
荟博雅苑,江东区,海棠路268号8号门,,高级公寓楼
碧水和城12幢38号,江东区,民安路,,高级公寓楼
江东新世纪1号楼,江东区,南演武街175弄,,高级公寓楼
新时代物业服务中心13号楼,江东区,宁穿路338号,,高级公寓楼
枫丹馨园3号,江东区,中山东路895弄2号,,高级公寓楼
枫丹公寓18号,江东区,中山东路823弄18号,,高级公寓楼
枫丹琴园2号,江东区,中山东路858弄2号,,高级公寓楼
枫丹琴园9号,江东区,中山东路858弄9号,,高级公寓楼
彩虹国际3号门,江东区,彩虹南路257号3号门,,高级公寓楼
交通BOBO城118号门,江东区,曙光北路1708号,,高级公寓楼
交通BOBO城2期美墅151号楼,江东区,曙光北路1708号,,高级公寓楼
交通BOBO城2期美墅162号楼,江东区,曙光北路1708号,,高级公寓楼
东郡名苑1号楼,江东区,江东区江南路518号,,高级公寓楼
东郡名苑2号楼3单元,江东区,江东区江南路518号,,高级公寓楼
新时代物业服务中心14号楼,江东区,宁穿路338号,,高级公寓楼
雍和苑9号楼,江东区,华严街25,,高级公寓楼
枫丹馨园12号,江东区,中山东路895弄8号,,高级公寓楼
枫丹公寓17号,江东区,中山东路823弄17号,,高级公寓楼
枫丹琴园7号,江东区,中山东路858弄7号,,高级公寓楼
丽江新都8号门,江东区,演武街25号,,高级公寓楼
彩虹国际2号门,江东区,彩虹南路257号2号门,,高级公寓楼
交通BOBO城97号门,江东区,曙光北路1708号,,高级公寓楼
交通BOBO城98号门,江东区,曙光北路1708号,,高级公寓楼
交通BOBO城129号门,江东区,曙光北路1708号,,高级公寓楼
交通BOBO城2期美墅177号楼,江东区,曙光北路1708号,,高级公寓楼
福海花园1号门,江东区,江东区桃源街202号,,高级公寓楼
小城春秋6幢1单元,鄞州区,天童南路延伸段3598弄,,高级公寓楼
万达公寓(宁波)4号楼,鄞州区,贸城中路890,,高级公寓楼
春江花城B区55号门,鄞州区,鄞州区四明东路677号,,高级公寓楼
春江花城B区65号门,鄞州区,鄞州区四明东路677号,,高级公寓楼
春江花城C区100号门,鄞州区,鄞州区四明东路677号,,高级公寓楼
春江花城C区97号门,鄞州区,鄞州区四明东路677号,,高级公寓楼
新都美地12号门,鄞州区,后庙路40,,高级公寓楼
新都美地14号门,鄞州区,后庙路40,,高级公寓楼
华泰剑桥(莱茵河畔)2号门,鄞州区,四明中路399弄48号,,高级公寓楼
南苑国际BCDC楼,鄞州区,天源巷127号,,高级公寓楼
学府苑(宁波)15号楼,鄞州区,鄞州区高教园区学府苑,,高级公寓楼
西城十二庭院12幢1单元,鄞州区,薛家南路36号,,高级公寓楼
万达公寓(宁波)1号楼A,鄞州区,贸城中路890,,高级公寓楼
万达公寓(宁波)2号楼D,鄞州区,贸城中路890,,高级公寓楼
春江花城A区1号门,鄞州区,鄞州区四明东路677号,,高级公寓楼
华泰剑桥(莱茵河畔)8号门,鄞州区,四明中路399弄48号,,高级公寓楼
西城十二庭院8幢2单元,鄞州区,薛家南路36号,,高级公寓楼
小城春秋3幢1单元,鄞州区,天童南路延伸段3598弄,,高级公寓楼
格兰云天2号楼,鄞州区,天童北路1327号,,高级公寓楼
春江花城C区81号门,鄞州区,鄞州区四明东路677号,,高级公寓楼
新都美地8号门,鄞州区,后庙路40,,高级公寓楼
格兰云天,鄞州区,四明中路577弄9号、11号,,高级公寓楼
春江花城C区76号门,鄞州区,四明东路681号,,高级公寓楼
春江花城B区61号门,鄞州区,鄞州区四明东路677号,,高级公寓楼
新都美地9号门,鄞州区,后庙路40,,高级公寓楼
院士花园16号,鄞州区,泰寓路68弄16号,,高级公寓楼
院士花园2号,鄞州区,泰寓路68弄2号,,高级公寓楼
华泰剑桥(莱茵河畔)7号门,鄞州区,四明中路399弄48号,,高级公寓楼
格林广场2号楼,鄞州区,四明中路(三江后面),,高级公寓楼
春江花城A区45号门,鄞州区,鄞州区四明东路677号,,高级公寓楼
春江花城B区88号门,鄞州区,鄞州区四明东路677号,,高级公寓楼
新都美地10号门,鄞州区,后庙路40,,高级公寓楼
新都美地17号门,鄞州区,后庙路40,,高级公寓楼
新都美地19号门,鄞州区,后庙路40,,高级公寓楼
院士花园8号,鄞州区,泰寓路68弄8号,,高级公寓楼
华泰剑桥(莱茵河畔)26号门,鄞州区,四明中路399弄48号,,高级公寓楼
格林广场6号楼,鄞州区,四明中路(三江后面),,高级公寓楼
西城十二庭院5幢4单元,鄞州区,薛家南路36号,,高级公寓楼
隆兴峰景苑10号楼,鄞州区,嵩江中路518号,,高级公寓楼
隆兴峰景苑9号楼,鄞州区,嵩江中路518号,,高级公寓楼
格兰云天1号楼,鄞州区,天童北路1353号,,高级公寓楼
小城春秋2幢3单元,鄞州区,天童南路延伸段3598弄,,高级公寓楼
万达公寓(宁波)1号楼C,鄞州区,贸城中路890,,高级公寓楼
万达公寓(宁波)2号楼B,鄞州区,贸城中路890,,高级公寓楼
新都美地20号门,鄞州区,后庙路40,,高级公寓楼
华泰剑桥(莱茵河畔)36号门,鄞州区,四明中路399弄48号,,高级公寓楼
华泰剑桥(莱茵河畔)48号门,鄞州区,四明中路399弄48号,,高级公寓楼
学府苑(宁波)25号楼,鄞州区,鄞州区高教园区学府苑,,高级公寓楼
学府苑(宁波)9号楼,鄞州区,鄞州区高教园区学府苑,,高级公寓楼
西城十二庭院5幢2单元,鄞州区,薛家南路36号,,高级公寓楼
西城十二庭院6幢1单元,鄞州区,薛家南路36号,,高级公寓楼
西城十二庭院8幢1单元,鄞州区,薛家南路36号,,高级公寓楼
西城十二庭院8幢4单元,鄞州区,薛家南路36号,,高级公寓楼
西城十二庭院11幢1单元,鄞州区,薛家南路36号,,高级公寓楼
西城十二庭院7幢3单元,鄞州区,薛家南路36号,,高级公寓楼
万达公寓(宁波)6号楼,鄞州区,贸城中路890,,高级公寓楼
春江花城B区78号门,鄞州区,鄞州区四明东路677号,,高级公寓楼
春江花城C区101号门,鄞州区,鄞州区四明东路677号,,高级公寓楼
春江花城C区82号门,鄞州区,鄞州区四明东路677号,,高级公寓楼
春江花城C区99号门,鄞州区,鄞州区四明东路677号,,高级公寓楼
华泰剑桥(莱茵河畔)1号门,鄞州区,四明中路399弄48号,,高级公寓楼
华泰剑桥(莱茵河畔)6号门,鄞州区,四明中路399弄48号,,高级公寓楼
格林广场4号楼,鄞州区,四明中路(三江后面),,高级公寓楼
西城十二庭院8幢3单元,鄞州区,薛家南路36号,,高级公寓楼
小城春秋2幢1单元,鄞州区,天童南路延伸段3598弄,,高级公寓楼
万达公寓(宁波)2号楼C,鄞州区,贸城中路890,,高级公寓楼
万达公寓(宁波)3号楼,鄞州区,贸城中路890,,高级公寓楼
新都美地4号门,鄞州区,后庙路40,,高级公寓楼
南苑国际BCDB1楼,鄞州区,天源巷127号,,高级公寓楼
南苑国际BCDD楼,鄞州区,天源巷127号,,高级公寓楼
西城十二庭院8幢6单元,鄞州区,薛家南路36号,,高级公寓楼
小城春秋3幢2单元,鄞州区,天童南路延伸段3598弄,,高级公寓楼
春江花城A区42号门,鄞州区,鄞州区四明东路677号,,高级公寓楼
春江花城B区90号门,鄞州区,鄞州区四明东路677号,,高级公寓楼
新都美地16号门,鄞州区,后庙路40,,高级公寓楼
新都美地18号门,鄞州区,后庙路40,,高级公寓楼
新都美地1号门,鄞州区,后庙路40,,高级公寓楼
华泰剑桥(莱茵河畔)3号门,鄞州区,四明中路399弄48号,,高级公寓楼
西城十二庭院6幢2单元,鄞州区,薛家南路36号,,高级公寓楼
西城十二庭院7幢2单元,鄞州区,薛家南路36号,,高级公寓楼
格兰云天3号楼,鄞州区,天童北路1309号,,高级公寓楼
万达公寓(宁波)1号楼B,鄞州区,贸城中路890,,高级公寓楼
春江花城A区21号门,鄞州区,鄞州区四明东路677号,,高级公寓楼
春江花城A区48号门,鄞州区,鄞州区四明东路677号,,高级公寓楼
春江花城B区85号门,鄞州区,鄞州区四明东路677号,,高级公寓楼
春江花城B区86号门,鄞州区,鄞州区四明东路677号,,高级公寓楼
新都美地13号门,鄞州区,后庙路40,,高级公寓楼
新都美地3号门,鄞州区,后庙路40,,高级公寓楼
院士花园18号,鄞州区,泰寓路68弄18号,,高级公寓楼
华泰剑桥(莱茵河畔)5号门,鄞州区,四明中路399弄48号,,高级公寓楼
格林广场3号楼,鄞州区,四明中路(三江后面),,高级公寓楼
万达公寓(宁波)1号楼D,鄞州区,贸城中路890,,高级公寓楼
万达公寓(宁波)2号楼A,鄞州区,贸城中路890,,高级公寓楼
万达公寓(宁波)5号楼,鄞州区,贸城中路890,,高级公寓楼
春江花城B区51号门,鄞州区,鄞州区四明东路677号,,高级公寓楼
新都美地7号门,鄞州区,后庙路40,,高级公寓楼
院士花园10号,鄞州区,泰寓路68弄10号,,高级公寓楼
院士花园4号,鄞州区,泰寓路68弄4号,,高级公寓楼
凯旋明天广场,鄞州区,鄞州区四明中路728号,,高级公寓楼
隆兴峰景苑11号楼,鄞州区,嵩江中路518号,,高级公寓楼
春江花城A区41号门,鄞州区,鄞州区四明东路677号,,高级公寓楼
新都美地11号门,鄞州区,后庙路40,,高级公寓楼
院士花园6号,鄞州区,泰寓路68弄6号,,高级公寓楼
南苑国际BCDA楼,鄞州区,天源巷127号,,高级公寓楼
南苑国际BCDB2楼,鄞州区,天源巷127号,,高级公寓楼
学府苑(宁波)12号楼,鄞州区,鄞州区高教园区学府苑,,高级公寓楼
春江花城B区58号门,鄞州区,鄞州区四明东路677号,,高级公寓楼
春江花城B区91号门,鄞州区,鄞州区四明东路677号,,高级公寓楼
华泰剑桥(莱茵河畔)18号门,鄞州区,四明中路399弄48号,,高级公寓楼
隆兴峰景苑12号楼,鄞州区,嵩江中路518号,,高级公寓楼
小城春秋1幢2单元,鄞州区,天童南路延伸段3598弄,,高级公寓楼
新都美地2号门,鄞州区,后庙路40,,高级公寓楼
格林广场1号楼,鄞州区,四明中路(三江后面),,高级公寓楼
南苑国际BCDB1楼,鄞州区,天源巷127号,,高级公寓楼
南苑国际BCDB2楼,鄞州区,天源巷127号,,高级公寓楼
西城十二庭院5幢1单元,鄞州区,薛家南路36号,,高级公寓楼
西城十二庭院6幢3单元,鄞州区,薛家南路36号,,高级公寓楼
西城十二庭院7幢4单元,鄞州区,薛家南路36号,,高级公寓楼
小城春秋2幢2单元,鄞州区,天童南路延伸段3598弄,,高级公寓楼
春江花城B区73号门,鄞州区,鄞州区四明东路677号,,高级公寓楼
春江花城B区79号门,鄞州区,鄞州区四明东路677号,,高级公寓楼
春江花城B区87号门,鄞州区,鄞州区四明东路677号,,高级公寓楼
春江花城C区75号门,鄞州区,鄞州区四明东路677号,,高级公寓楼
新都美地5号门,鄞州区,后庙路40,,高级公寓楼
院士花园12号,鄞州区,泰寓路68弄12号,,高级公寓楼
格林广场5号楼,鄞州区,四明中路(三江后面),,高级公寓楼
学府苑(宁波)21号楼,鄞州区,鄞州区高教园区学府苑,,高级公寓楼
学府苑(宁波)6号楼,鄞州区,鄞州区高教园区学府苑,,高级公寓楼
西城十二庭院5幢3单元,鄞州区,薛家南路36号,,高级公寓楼
小城春秋1幢1单元,鄞州区,天童南路延伸段3598弄,,高级公寓楼
春江花城B区72号门,鄞州区,鄞州区四明东路677号,,高级公寓楼
春江花城B区95号门,鄞州区,鄞州区四明东路677号,,高级公寓楼
春江花城C区77号门,鄞州区,鄞州区四明东路677号,,高级公寓楼
春江花城C区96号门,鄞州区,鄞州区四明东路677号,,高级公寓楼
新都美地6号门,鄞州区,后庙路40,,高级公寓楼
华泰剑桥(莱茵河畔)4号门,鄞州区,四明中路399弄48号,,高级公寓楼
西城十二庭院5幢5单元,鄞州区,薛家南路36号,,高级公寓楼
西城十二庭院8幢5单元,鄞州区,薛家南路36号,,高级公寓楼
南苑国际BCDC楼,鄞州区,天源巷127号,,高级公寓楼
南苑国际BCDD楼,鄞州区,天源巷127号,,高级公寓楼
